,Age,Education,Percentage
0,Elder,Graduation,31.410825199645075
1,Adult,Graduation,68.05678793256433
2,Teen,Graduation,0.5323868677905945
0,Adult,PhD,60.08230452674898
1,Elder,PhD,39.91769547325103
0,Adult,Master,61.35135135135135
1,Elder,Master,38.648648648648646
0,Adult,Basic,85.18518518518519
1,Elder,Basic,12.962962962962962
2,Teen,Basic,1.8518518518518516
0,Adult,2n Cycle,74.38423645320196
1,Teen,2n Cycle,1.477832512315271
2,Elder,2n Cycle,24.137931034482758
